artist_id,artist_name,popularity,followers
0L6Gwm0JDrgIQJfjarWSUR,Edwin McCain,52,275462
5xuNBZoM7z1Vv8IQ6uM0p6,JoJo,62,2131874
7C3Cbtr2PkH2l4tOGhtCsk,Shallou,59,192184
6jJ0s89eD6GaHleKKya26X,Katy Perry,83,21677923
5fYMwzhko3iLCsqNhy07NG,MEAN,46,341023
5Dq2DMerDcvcdlzPTmo6Jn,KAYDEN,51,71269
2441D23VoQ3Ubtjfn266DI,Turn On,19,159
1qz5HLBHOge1yHlMVAZ9hO,ETC.,40,163700
3hyEbRtp617pNCuuQjyOmc,Lost Kings,59,359996
7GXXMm3DB1VswVcuGyInUd,Vanilla Ice,55,397968
2DfP0hQCCFmZHjstSE8yXC,Anoraak,39,45871
2wpJOPmf1TIOzrB9mzHifd,Scouting For Girls,56,316174
06HL4z0CvFAxyc27GXpf02,Taylor Swift,92,54532205
6cEuCEZu7PAE9ZSzLLc2oQ,R3HAB,75,2364099
2KsP6tYLJlTBvSUxnwlVWa,Mike Posner,69,1267379
2ZuweXv0TkfsidZOLZZoM2,HEDEGAARD,57,67244
5iWU68xnsNiacwbt1fYEcq,Conor Matthews,47,38014
3oSJ7TBVCWMDMiYjXNiCKE,Kane Brown,73,4152092
5rSXSAkZ67PYJSvpUpkOr7,Backstreet Boys,73,4561038
0ukgrNYk51TkMQr0f2Br4Q,Maverick Sabre,61,244038
4yiQZ8tQPux8cPriYMWUFP,Gwen Stefani,72,5400856
76VTagPgPgPlFE7hfjT0Zt,Bodyslam,45,830104
0mXq227LEoIqWSv4bTuGe2,Thoreau,42,8572
6qiGjRyN7TJ1GA2nXF68Hi,Blind Pilot,47,246884
3wyVrVrFCkukjdVIdirGVY,Lil Pump,66,7993634
0cGfitvwmFr2sSywioWYNM,Whatcharawale,51,482622
6thrjKf05P1bBsrsjYSuMw,JETSET'ER,39,87714
3BmGtnKgCSGYIUhmivXKWX,Kelly Clarkson,72,8869771
6Gymwy9eHYItH2v7MYPRjB,Lula,41,294118
3Ayl7mCk0nScecqOzvNp6s,Jimmy Eat World,65,1304435
6PxzZjL7BTh5Dr6rkyMXb5,Skykick Ranger,27,8596
5JMLG56F1X5mFmWNmS0iAp,Chelsea Cutler,69,582116
29yIRv8gkNZbAX1J1RlfXx,Lash,36,2718
3kOPviLsiuKCFTTsHc47lI,Clinton Sparks,27,5307
0SdiiPkr02EUdekHZJkt58,Hanson,58,402835
2xjp1njSsecnNhjgKZ35Ok,Silly Fools,48,783453
3b8QkneNDz4JHKKKlLgYZg,Florida Georgia Line,75,4791278
6x2LnllRG5uGarZMsD4iO8,Thomas Rhett,73,4137911
5pKCCKE2ajJHZ9KAiaK11H,Rihanna,86,49041557
45eNHdiiabvmbp4erw26rg,ILLENIUM,71,1264602
79oW06N8yKp6hKp71ieN7L,okaywill,35,6533
0jnsk9HBra6NMjO2oANoPY,Flo Rida,77,8576597
3IYNUniWKkMmHKUHssC392,Palm Trees,43,6091
2PCUhxD40qlMqsKHjTZD2e,Parachute,58,633787
0xu4jAQQv7ZAqvFGdc9HgP,Boy In Space,59,180570
0ekbDNE2eOq8QiaXM34wer,Howie Day,54,300029
6TNTFjkJA8PhP16Ds7CZnz,Slot Machine,49,326727
2wOi2qbLUki1fdXM14aki4,Playground,33,114924
444HDWJ9nggNbvuxbCikY3,lightcraft,13,1290
5Z1CCuBsyhEHngq3U5IraY,Westlife,68,2949182
44NX2ffIYHr6D4n7RaZF7A,Van Morrison,70,2500321
5MmVJVhhYKQ86izuGHzJYA,MIKA,67,1255345
0RqtSIYZmd4fiBKVFqyIqD,Thirty Seconds To Mars,65,3243567
4D75GcNG95ebPtNvoNVXhz,Afrojack,72,3865457
3idQlYHIpkPc7NjGqeCerH,Mr.Team,32,46690
21GGkCJG1qIYnAe8rNUgvu,Peacemaker,31,222192
1uNFoZAHBGtllmzznpCI3s,Justin Bieber,90,62166458
5Pwc4xIPtQLFEnJriah9YJ,OneRepublic,81,13819399
3sKeaby6GMSJWgYueZaSjE,Mokita,61,124310
4LLpKhyESsyAXpc4laK94U,Mac Miller,82,7644533
4qWnlmXWuGv2TtuxtIWlJX,BANNERS,65,501359
5PokPZn11xzZXyXSfnvIM3,Lifehouse,62,1807629
3LpLGlgRS1IKPPwElnpW35,James Morrison,62,1481710
2D4lHamKko8RZnGsn9vOpj,Buddha Bless,28,52190
5p7f24Rk5HkUZsaS3BLG5F,Hailee Steinfeld,70,7812768
25vaRIUlu5PahDqAWeYdxR,The Parkinson,45,127314
3Ngh2zDBRPEriyxQDAMKd1,Matchbox Twenty,65,2131871
4WMjmVKaSDCmrsX9EHzwSw,Breakfast In Bed,26,208
23zg3TcAtWQy7J6upgbUnj,Usher,77,9755235
3wkt8lIJGhuZ1vl47UPkjb,Aof Pongsak,33,57987
4ScCswdRlyA23odg9thgIO,Jess Glynne,71,2765395
3aBkeBhwadnWMWoVJ2CxJC,Rob Thomas,60,783215
5WHKBKrvTBMPoQX3v3Bq8J,Leah Nobel,44,16624
7G4qd0NlBQf4AxC0klpuDY,Slur,35,65220
3RqBeV12Tt7A8xH3zBDDUF,Kelsea Ballerini,68,922026
0ZzYDST6Dib7iYd8hmcLcH,M2M,51,367286
2mpeljBig2IXLXRAFO9AAs,Dido,70,1393343
3gIRvgZssIb9aiirIg0nI3,Jeremy Zucker,72,1983709
2SWWw5uB9cO5m7zJQZqwmr,BOWKYLION,53,429846
3lHykUJhLCSYsiUaOQhIy4,Room 39,43,22138
2DaMrZndfGgM3yd9ivadRC,Lipta,52,397634
6p0HFtE6QhdHNY1H4Nk0mo,Maddi Jane,35,80115
4LZ4De2MoO3lP6QaNCfvcu,Said The Sky,58,244107
2j6j8IacuvYF4zgiF7e6t8,Praw Kanitkul,32,107130
3RnRECOTd7fAWTPgmwRYMc,Lomosonic,32,80009
4ERtgeBbWRkFzIz6LaFCeY,Dashboard Confessional,56,541785
2S9W9aSAd7e5mp8WqWxN2h,Hilary Duff,57,2102056
7CyeXFnOrfC1N6z4naIpgo,The Ronettes,55,209838
0zOcE3mg9nS6l3yxt1Y0bK,The Fray,67,3651856
1YCg92J7dlalGF4bReLCKk,2morro,24,1442
163tK9Wjr9P9DmM0AVK7lm,Lorde,75,9616219
7wg1qvie3KqDNQbAkTdbX0,Louis The Child,64,442092
6RQyog3L4JlA8t8Bf56otE,Potato,44,594296
69GGBxA162lTqCwzJG5jLp,The Chainsmokers,80,19188658
4gzpq5DPGxSnKTe4SA8HAU,Coldplay,86,36451337
6VPUQ3UqHxeeVvROl2kZqb,Lukr,28,5989
6KImCVD70vtIoJWnq6nGn3,Harry Styles,94,21538710
7nU4hB040gTmHm45YYMvqc,Hannah Montana,63,4058773
5g3uG8zZZANGT6YOssgjfC,Lenka,50,226465
0vFPtjKC5Mqd14ZbBPKfRZ,Hum,26,1099
5cVeSOiS002MF1uiUFOPV5,Mob Rich,44,27492
5pokGZ1K9Hr6etaKPDxSG8,THE TOYS,54,976875
5UjifI1TYefXWn9GdqDOHl,Social House,64,138477
5JZ7CnR6gTvEMKX4g70Amv,Lauv,77,5068187
2LXeJdQVcFkhkWydphLI74,Liz Phair,46,141857
0cGUm45nv7Z6M6qdXYQGTX,Kehlani,75,5912457
246dkjvS1zLTtiykXe5h60,Post Malone,90,37270232
2ynrjBfi2sZwoHaejMInRv,The Moffatts,38,112650
7hbsjraQ0ce8UcmoWVoIe8,Emma Klein,29,9633
3DiDSECUqqY1AuBP8qtaIa,Alicia Keys,76,9772747
3vAaWhdBR38Q02ohXqaNHT,The All-American Rejects,65,2332176
6qqNVTkY8uBg9cP3Jd7DAH,Billie Eilish,86,64306544
2DaxqgrOhkeH0fpeiQq2f4,Oasis,74,7447874
3inCNiUr4R6XQ3W43s9Aqi,Pavement,57,437355
4lMgbK9q8m09Uey9zXJ6vt,แบมแบม นีวิรินทน์,0,205
39R87tT1qaTxHwu5m87USa,EXES,43,100676
4nDoRrQiYLoBzwC5BhVJzF,Camila Cabello,83,27075121
26dSoYclwsYLMAKD3tpOr4,Britney Spears,78,11016562
2iLCiSxdwUMDEfqyfkuLEw,Atom Chanakan,46,661055
3mIj9lX2MWuHmhNCA7LSCW,The 1975,72,5630351
2Kx7MNY7cI1ENniW7vT30N,Norah Jones,69,2801733
4SqTiwOEdYrNayaGMkc7ia,LÉON,63,334596
4WN5naL3ofxrVBgFpguzKo,Rudimental,67,1329411
6d4jrmreCmsenscuieJERc,The Band CAMINO,62,302749
0bdfiayQAKewqEvaU6rXCv,MØ,68,1382089
79BUGg8I39oq0mSeIetvob,DIKKA,46,10120
1E2AEtxaFaJtH0lO7kgNKw,Russell Dickerson,66,381678
5LF6ocXwOQC7TMddAbC3zK,Binocular,33,10555
36qOXUtUq5HjaP1wet4ePl,Capture,31,64403
4qBgvVog0wzW75IQ48mU7v,KYLE,65,1017684
3oDbviiivRWhXwIE8hxkVV,The Beach Boys,72,3685276
4QLlbZcntdcWpm40NooC2M,Maiyarap,47,321247
4AK6F7OLvEQ5QYCBNiQWHq,One Direction,83,26351279
5zMgvYBz4AW0gFyPtg7fR9,A*Teens,49,165274
2HVtGhO88wYqktLxpDIUI3,Groove Riders,38,94811
66CXWjxzNUsdJxJ2JdwvnR,Ariana Grande,87,80622969
5THaOlI8Qr3Za3FD6FnWvK,John Surman,32,21238
0cxdWEvJApuMTIvWdPjUvO,โจ-ป๊อป,26,967
6zOWc1PkZQNr5mDOgWyc9x,Ton Thanasit,30,59598
4hqDqHtBlgxXpLXVYf7c8L,Ashlee Simpson,49,841157
0hEurMDQu99nJRq8pTxO14,John Mayer,76,5543874
5lKZWd6HiSCLfnDGrq9RAm,Leona Lewis,64,3284841
6bA04rIWbVKTFJcs6DGT8P,XL Step,18,2053
1Zp054Jc86WVKCxKEqZGOA,Jack Garratt,46,352582
1Y8cdNmUJH7yBTd9yOvr5i,Destiny's Child,69,5645323
4e3QCzBNkr0t3GGqo86Ofl,Stamp,51,450471
3mPc8WGusz2XF3Tvs3AKCR,Carlie Hanson,52,388274
0eS2ZGOnJi5Cp4ASTy4aBc,Benne,47,15765
481VlDdXZAIRxnHyywNbXn,Leighton Meester,50,107863
0kkxsdcaWmWU2yWAqclDh4,Rixton,60,718780
6LDu2CLsVUJB23uTsx2MWo,MARINA,24,22462
43G7qlx7v7OGJJrUTXIqLq,Ivy Adara,45,104762
6TIYQ3jFPwQSRmorSezPxX,Machine Gun Kelly,81,4647422
7FgMLbnZVrEnir95O0YujA,Five For Fighting,58,739949
6TbBwWQ668tRh7E7xs0jYO,PORTRAIT,36,34295
2wY79sveU1sp5g7SokKOiI,Sam Smith,81,19666712
4ztgw56xBHUOm0yb7ubz7K,Earn Piyada,36,6084
0Zoe6ljAJo85rggnN6OaOF,92914,48,168474
6GBIcdZ5aBhhsd7Y6c3O3g,SLAPKISS,45,9211
6GMYJwaziB4ekv1Y6wCDWS,Soulja Boy,69,1540566
2qdONMCoDngQk0eV4Avs1i,Natalie La Rose,52,106914
7zdbUZvzBn4Y2W0uMcJnqu,U.H.T.,23,8256
6biI2KAsW3nrI8xzSwwxuo,Jaonaay,42,161005
1ssEwBiz4ZKrbgR6o8vOeg,Polycat,50,633656
0t3QQl52F463sxGXb1ckhB,Betty Who,56,274807
4TrraAsitQKl821DQY42cZ,Sigrid,65,632762
7bu3H8JO7d0UbMoVzbo70s,The Cure,72,3776374
6xeFne1rkxMhKSW3ipvkdV,Toploader,60,70170
72eVco16BxQJe5nE1vY72F,JAYLERR,35,54995
306JHpIRGVaQd6OltnOzUO,Nine Days,50,84180
00TKPo9MxwZ0j4ooveIxWZ,Loote,62,189445
70IRyiXZdU8eIY56M0sBta,AG,42,10774
69u5rPwWBKP7pJHpCGB9O5,MoTrip,54,455508
2pst3pDewxsl4kJERuDZpp,Overcoats,41,54511
57WHJIHrjOE3iAxpihhMnp,Louis Tomlinson,66,6166762
1koahA4L2b5ZFjaFC05pbk,Mêlée,32,7412
26VFTg2z8YR0cCuwLzESi2,Halsey,82,17972768
4IYocudwewhFDpAErwolWM,Wan Thanakrit,40,197444
6rwEDzogsmiJGMjUsGn8vn,The Ivy,40,31235
1Nl94lwMo2ujvEOgAVqbHX,รวมศิลปิน (All KamiKaze),10,319
5DU5PyU8u0JZSRyJdMWgsl,Fymme Bongkot,34,18354
1UYjFeWiTTiOfDRYvUmJul,Bird Thongchai,46,555525
6xdRb2GypJ7DqnWAI2mHGn,MUNA,60,208842
7EQ0qTo7fWT7DPxmxtSYEc,Bastille,74,5072693
2PfxoKmrvMLvTAkn5azNZ6,KLEAR,43,565929
0gRwU1DXqqHTHN6LYcwdX4,Endorphine,36,120545
3D4pL0JOHqSrVsToa6IaoV,มาร์ค,26,702
4esoPgrgPKbWa6gwU8EGmH,Tilly Birds,57,323364
04gDigrS5kc9YWfZHwBETP,Maroon 5,84,36785334
5QqCSh9Ri3B7Tw6HNQkPQH,MILES,43,27413
4iHNK0tOyZPYnBU7nGAgpQ,Mariah Carey,75,7908372
,,,
,,,
,,,
10exVja0key0uqUkk6LJRT,Vance Joy,75,2643783
4NZvixzsSefsNiIqXn0NDe,Maggie Rogers,64,837562
1Eie0tY91rpi7Y0jtIOXzI,Wingtip,49,52450
6aZyMrc4doVtZyKNilOmwu,Colbie Caillat,67,2351892
4qIVPF0s71ZYW3qzhu5GkF,Kina,67,723982
1s3peKJ48a120brN7beQq9,AIM,1,48
4gfocoQaeR4eim74d5EIQV,Vaughan Penn,12,896
7rZNSLWMjTbwdLNskFbzFf,Sugababes,60,607341
4qOzMSukiZoiSjPQw8Zs7s,Mansionair,56,161075
0p4nmQO2msCgU4IF37Wi3j,Avril Lavigne,75,8848309
25NQNriVT2YbSW80ILRWJa,Faith Hill,62,1559532
5mZD78snaOoIJGOOFEbXFA,O-Pavee,39,85493
4jGPdu95icCKVF31CcFKbS,Gentle Bones,57,63351
5qa31A9HySw3T7MKWI9bGg,FLETCHER,65,623328
1KCSPY1glIKqW2TotWuXOR,P!nk,78,13266122
2DWxd6CkiJVMnTqSbtd56H,Season Five,43,212641
7avbd4MMu89B9ueC3udvbf,The Yers,37,53491
2eam0iDomRHGBypaDQLwWI,Bleachers,61,547976
0b59cVa1STVENq3i7wkcHV,End of the World,42,46761
4bYPcJP5jwMhSivRcqie2n,Adam Levine,71,949568
2ueoLVCXQ948OfhVvAy3Nn,Perfume Genius,56,346287
3yLZtAIGm6Eq4WSfnimZad,WANYAi,45,273153
1Twi7NfmUzbXF7lEMaGCqF,Ink Waruntorn,50,469239
2Hjj68yyUPiC0HKEOigcEp,Jesse McCartney,60,901992
4ICIkBxgu4BYJrdeNiuWmN,XYZ,17,3069
7En8BmeLefAvv4i2cSkkhA,Young Sim,10,41
6oMuImdp5ZcFhWP0ESe6mG,Migos,77,12415039
2JyWXPbkqI5ZJa3gwqVa0c,Craig David,64,784326
00OF0nwYaoBSO3AnPVq3vE,Johnny Stimson,56,174487
7CzMBLyQY9hku8V1V2Mg7y,Fahrenheit,26,6709
0vWCyXMrrvMlCcepuOJaGI,Boys Like Girls,59,1068110
6LuN9FCkKOj5PcnpouEgny,Khalid,84,15334994
6e8OTLDQpaz1Tl2GEaxsNj,Matthew West,59,790147
4IJczjB0fJ04gs4uvP0Fli,Gym Class Heroes,68,1376875
63MQldklfxkjYDoUE4Tppz,M83,67,2066473
2sil8z5kiy4r76CRTXxBCA,The Goo Goo Dolls,70,2245753
5BI4bcMRRJ7Yncavkdly3D,Golf & Mike,28,11468
7gjAu1qr5C2grXeQFFOGeh,Passion Pit,58,1209576
6eCb9p0hNM3uR1Q99CJuZg,Zeal,41,196160
4xPR9p75zzDlisJvvhEYl2,Jacob Lee,50,177271
3QSQFmccmX81fWCUSPTS7y,Dean Lewis,72,2060132
6IjkVLH49YhlZiz4TOHJZv,Oat Pramote,41,340301
5mqguTgtaoCMNMZD6txCh6,Phum Viphurit,57,429596
3kHVioJpVxlazAAKQ64pC1,Yuna,56,409586
5IH6FPUwQTxPSXurCrcIov,Alec Benjamin,76,3580980
46SHBwWsqBkxI7EeeBEQG7,Kodak Black,81,8235679
5xkAtLTf309LAGZTbvULBn,Ruel,66,1706013
761eme8mxzycsKpeXlQbiq,Sirasak Ittipolpanish,27,5301
5pxvW2nJ0a77b9oX24Unwi,Tattoo Colour,58,407215
4PYbhZM7jmP5FCmk6ZErW3,J Jetrin,30,62525
4xnihxcoXWK3UqryOSnbw5,Sasha Alex Sloan,70,1133742
718COspgdWOnwOFpJHRZHS,Luke Combs,79,6751799
454ngz4HoYI5N6Yn976dNA,อิน อินทิรา,8,161
5fWMZzHHJQmCVt3W2ejVbV,Yes'sir Days,33,60325
3gd8FJtBJtkRxdfbTu19U2,Mumford & Sons,70,6307587
64KEffDW9EtZ1y2vBYgq8T,Marshmello,81,33795872
4GvEc3ANtPPjt1ZJllr5Zl,Bazzi,72,5049492
46GXASE9LHzyssNqKOInUu,Dawin,51,221119
61EjhvdRfu6tCZQkqkw2vM,Namm Ronnadet,33,56366
1BPsbKiNgav1TY1ITIU8C5,Benji Lewis,46,15783
49tQo2QULno7gxHutgccqF,LANY,74,4751426
3btNpz9NEJ8ml352B8S7Qr,Harry Hudson,51,67221
30DhU7BDmF4PH0JVhu8ZRg,Sabrina Claudio,63,1373329
0a2vRhBsS3zNu6pTQo1Rnm,The Reindeer Section,21,7320
1DBxrwNokZmdozJewpLBBC,Matthew John Kurz,25,1084
7blXVKBSxdFZsIqlhdViKc,Valley,60,152309
41jwAewzkXzGnmQotCXQ4u,HANGMAN,27,27599
68abRTdO4meYReMWHvBYb0,Chris Lane,61,787170
4HzKw8XcD0piJmDrrPRCYk,Majid Jordan,66,727743
07YZf4WDAMNwqr4jfgOZ8y,Jason Derulo,79,11260212
2RQXRUsr4IW1f3mKyKsy4B,Noah Kahan,64,400792
3rIZMv9rysU7JkLzEaC5Jp,Snow Patrol,66,2604513
0dtmYDbYpwcdHPBI1OJatT,Hugh Grant,44,6622
1o2NpYGqHiCq7FoiYdyd1x,Bea Miller,69,2711041
38CvLGTsjtoloDgv3OKQp8,Robinson,48,94283
7bXgB6jMjp9ATFy66eO08Z,Chris Brown,84,16094711
5gCVozH1XRcgWBHJxsuCDY,Broke For Free,26,13009
3AO6RTDA16mg8czQI5Y9K0,Duncan Sheik,44,64269
3MJ2o2vTovueQARKmOzHls,Lowell,41,19664
3N8d97yDJjyOO5545Rbm8d,Emotion Town,30,856
40xbWSB4JPdOkRyuTDy1oP,Nicole Scherzinger,61,2159476
540vIaP2JwjQb9dm3aArA4,DJ Snake,77,7877727
7z5WFjZAIYejWy0NI5lv4T,Dan + Shay,72,2659395
7n2wHs1TKAczGzO7Dd2rGr,Shawn Mendes,83,38201021
5vBSrE1xujD2FXYRarbAXc,Years & Years,70,1906429
29WzbAQtDnBJF09es0uddn,Corinne Bailey Rae,61,689960
6vWDO969PvNqNYHIOW5v0m,Beyoncé,81,31541109
6TcnmlCSxihzWOQJ8k0rNS,Third Eye Blind,63,1319287
1aMwYLdBySY9RoHRRcdJhx,3.2.1,26,11635
7KoTRIhjkIQy2L8RjWDpfF,Fern.,52,79194
2pRZp2WxvnWWiSPcSSYkNV,george,48,64991
09k8JMXs059GsHmP4NT4z3,Ice Sarunyu,33,129363
2iojnBLj0qIMiKPvVhLnsH,Trey Songz,69,6629870
5e1BZulIiYWPRm8yogwUYH,Tegan and Sara,56,580968
2qk9voo8llSGYcZ6xrBzKx,Kings of Leon,72,5021139
35GL8Cu2GKTcHzKGi75xl5,Jennifer Hudson,57,1518255
163g9TCjTPJMjem8Iwv6iN,VICTORS,29,10456
6zTbBugfNc95zo8ClFDhIn,Troy,58,57732
5Ccl0uBJ0P6NZynEROl66r,Mai Charoenpura,33,57235
7z9oTDasH4sBISUE2Hxrki,Da Endorphine,42,322348
5M3yup4FuAOrnLhv3Ximg6,B5,25,4610
6iWuBN32BqCJAeXW6o3nil,Cautious Clay,58,224700
4fJsnm9CeDAPrwO4MAEToj,Dounia,48,107621
72iCV78mmAfr5s4A5dhjYg,Shawn Austin,36,7177
4BzCdhJTyTS3gumq9xmymb,ayokay,55,154039
4dwdTW1Lfiq0cM8nBAqIIz,Of Monsters and Men,67,3369473
4pfy05cNNTacuOQ6SiSu4v,Lyn Lapid,60,290362
1bkuqagwavNQJVWEmYDoQi,The Well Pennies,35,15741
25tMQOrIU4LlUo6Sv8v5SE,Gavin James,62,653344
6V03b3Y36lolYP2orXn8mV,98º,54,386567
6ogn9necmbUdCppmNnGOdi,Alanis Morissette,66,2253840
7gAppWoH7pcYmphCVTXkzs,The Vamps,69,5225401
0GsileCtd1UjaVh4OpW7Qv,Big Ass,45,417609
74uzyjGh3DsKOj9PbNy49s,Pup Potato,24,1916
2oX42qP5ineK3hrhBECLmj,Andy Grammer,70,1068197
5YGY8feqx7naU7z4HrwZM6,Miley Cyrus,81,18476816
2kucQ9jQwuD8jWdtR9Ef38,Sam Hunt,70,2217226
5rlTTe8s66xwopzOKJrA4n,Clash,39,150602
73eAAfRkS2Vi4hx68oTJJE,John K,63,196713
2jnIB6XdLvnJUeNTy5A0J2,Why Don't We,72,3239022
4Uc8Dsxct0oMqx0P6i60ea,Conan Gray,78,5795784
1cZQSpDsxgKIX2yW5OR9Ot,Lennon Stella,66,342379
20s0P9QLxGqKuCsGwFsp7w,Mario,63,2730223
04L3elxyr0XFua2Ek3domW,Sunwoojunga,44,73014
2yEkZBBjhzKzt6LF5XMaFi,Blue,59,484070
3qDMrpZHtZEtVl5i1l7hP3,Nightly,53,133428
0t6EIxx1dbti2jLdkv7UvI,Superbaker,37,63154
3CYmJROYywqfz2zXoUrcGB,Zom Marie,46,388519
2p4FqHnazRucYQHyDCdBrJ,Simple Plan,67,3184134
3FUY2gzHeIiaesXtOAdB7A,Train,71,4047463
0ZED1XzwlLHW4ZaG4lOT6m,Julia Michaels,74,4447198
31TPClRtHm23RisEBtV3X7,Justin Timberlake,77,12219415
6eUKZXaKkcviH0Ku9w2n3V,Ed Sheeran,90,98755676
4zrB9WV6Z0iKKnGb1Pj0P2,AJ Rafael,49,145271
3wKj5PmSpnrtz9n9hG2QCA,Future Generations,33,18586
27FGXRNruFoOdf1vP8dqcH,Cassie,60,1286391
1Q9nxD19emMUTTWtFi7jZc,The Afters,51,250701
6chmC6o0wvACYVGTITw3Pz,NONT TANONT,53,403942
7gXy60xRcwYujBFoYHnR2O,Big Red Machine,54,128416
0uhQ0I13tTpg54TWs5gHiw,เฟย์ ฟาง แก้ว,34,9225
77IURH5NC56Jn09QHi76is,Bad Meets Evil,59,1429625
4ZULOwd3L0kEbNktW3az0r,Körner,23,5209
6foXh1rnSNszTx2gIVOGTt,Bright Vachirawit,49,296199
24V5UY0nChKpnb1TBPJhCw,Jai Wolf,55,268187
6LqNN22kT3074XbTVUrhzX,Kesha,76,7296079
1vyhD5VmyZ7KMfW5gqLgo5,J Balvin,87,34290860
2xe8IXgCTpwHE3eA9hTs4n,BANKS,60,1012113
0OCgRH2JnfJo0nNDJzEG0Q,Mike Mains & The Branches,38,19265
4gwpcMTbLWtBUlOijbVpuu,Capital Cities,65,795409
6vFz8SAf3JBH0kdz8UMSOh,Getsunova,43,367812
3cUj49yvNCOkOOdrnxbwBi,Sqweez Animal,31,86533
0ZCbxUPZReHqmDsGmiRvL1,Xavi,32,12423
4GNC7GD6oZMSxPGyXy4MNB,Lewis Capaldi,76,9632963
19jSdB6nFIiOSZEME8IZrx,Ai Nam,30,19730
40Ojab0UtVQFjA76qXr8Ot,Apparat,48,367872
2Yrofk4MfRHlqLGnxdk6Ht,Jeanius,25,955
30QomnySAioA1rWq4ul2bO,60Miles,31,37943
1yxSLGMDHlW21z4YXirZDS,Black Eyed Peas,78,6747521
6beUvFUlKliUYJdLOXNj9C,King Princess,61,1514344
0uq5PttqEjj3IH1bzwcrXF,Spice Girls,67,2778884
02yssJvjMJdJ3nueVhig4j,ANDREAH,34,2652
6UE7nl9mha6s8z0wFQFIZ2,Robyn,61,774002
2jw70GZXlAI8QzWeY2bgRc,Nelly Furtado,73,3176517
4WGQE7ja8D0K5g70nNymFD,ปุ๊กปิ๊ก กิตติยา,9,44
5inNTd8CnsgR6rkfcCRjYH,TMT (Toy Music Tune),25,75
0yb46jwm7gqbZXVXZQ8Z1e,Bishop Briggs,62,763263
5drJ1vVvquXveRzDLAnrEc,LCMDF,19,4949
4csQIMQm6vI2A2SCVDuM2z,Hayden James,61,226775
7LImGq5KnzQobZciDJpeJb,Charlotte Lawrence,60,952151
3AQRLZ9PuTAozP28Skbq8V,The Script,72,7329543
5DYAABs8rkY9VhwtENoQCz,Gavin DeGraw,62,1199248
7MlotYZhHjOlXcvmwrITj8,Tep No,56,91830
0vqJkZ0RpLZixt3lTmD8vP,Whethan,62,245920
2l35CQqtYRh3d8ZIiBep4v,MKTO,66,981146
6gK1Uct5FEdaUWRWpU4Cl2,Petit Biscuit,63,917143
4DaUE3eMS5Pk3uwzo3oJbX,One Week One Song,19,1701
2evGkOhBM2TYqcsdbfJmug,Bell Supol,33,132076
1xv3g2RvQ6VMM7vlog6SOB,คิงส์ ชนาวิทย์,30,7946
1jHQI26XkjY8BHwvDnh9Jw,Raphael Lake,47,10635
1kM5rgJvkiDMOoKX56H6pX,S Club 7,58,534214
5338fdSzGNOFD4cxAxDTeq,Aaron Carter,43,269820
1INuLZXjjVbcJRyWvD1iSq,Jack & Jack,62,1358431
3zxKH0qp3nBCuPZCZT5Vaf,Yellowcard,60,1318588
51Blml2LZPmy7TTiAg47vQ,U2,76,9866904
6BMhCQJYHxxKAeqYS1p5rY,Hinder,60,1586091
2IvkS5MXK0vPGnwyJsrEyV,Eric Church,70,3428245
7qG3b048QCHVRO5Pv1T5lw,Enrique Iglesias,75,10793791
7qKoy46vPnmIxKCN6ewBG4,Butch Walker,36,42414
2fLbT474RKQfdWHLw8Bf0G,Mild,42,195650
5vBrKGOjN10BMwB0cJADj4,bülow,58,469486
5aMmmNxw4vgpc5XC6hK0zp,The Calling,60,656375
7naAJDAh7AZnf18YYfQruM,Christian French,60,257939
72fcAy39U52BWx3JqarvTD,Detlev Lais,13,974
05ycwBAg6CYEweEbZgAYeT,Sukrit Wisetkaew,30,86629
1aEKvjRnbf1laB7DVXFqsG,fellow fellow,41,59815
6ZV6lGY0prbqpTD0Md8i29,Scotty McCreery,61,823312
3grHWM9bx2E9vwJCdlRv9O,Kenny Chesney,72,3931176
3k6PrzSozzvlzpbHojOOTM,Yai Monotone,16,4153
5BxcZnUcETSt90VlbsdugI,Zachary Knowles,54,53662
3Og5as5vV5n1iTR5iaNNZ6,Olivia Lane,39,25739
0du5cEVh5yTK9QJze8zA0C,Bruno Mars,86,41252759
2Kl0Q3K3rAGMnCkKjoqHuF,The Ghost Cat,18,2980
3CXZCvIZ9YjprJWs5qJbNK,Lydia,28,20953
3Y7RZ31TRPVadSFVy1o8os,H.E.R.,74,5265019
2Sqr0DXoaYABbjBo9HaMkM,Sara Bareilles,65,1806266
6L95H90mXRQPcFar4Q7tAm,Hardcastle,36,12689
5w39eY1aNDybnDGTNgVt3r,Midnight Kids,48,35324
5Zb2vIUyfZbX15otYc072P,REYNE,46,32026
6wKxOKEA3K6R2UZ3COLXEY,Elohim,54,165447
1fa8UQKF64cLmZaqgvY7xu,Zaza,27,10722
5snNHNlYT2UrtZo5HCJkiw,Epik High,56,617986
12xme1fwd3iGEW7rF9b6tp,Wincent Weiss,59,1030199
2C9n4tQgNLhHPhSCmdsQnk,David Archuleta,53,481794
5QjWgYDeKNP2iPHTdTttnG,Stacie Orrico,47,256766
6pPa982maNkzxD8kjhwbYr,Illslick,41,658432
6igfLpd8s6DBBAuwebRUuo,Josh Ritter,47,150222
0lJlKQvuM2Sd9DPPyUXcHg,Sixpence None The Richer,60,388196
5v8l9uOGNhI9UMeKWXBYb7,Bowling Manida,25,10285
1PbBg2aYjWLKRk84zJK15x,Echosmith,57,578419
2YZyLoL8N0Wb9xBt1NhZWg,Kendrick Lamar,90,20695887
414TS3VqZf1XPCBixdmX9n,Jack Antonoff,24,14383
6bmlMHgSheBauioMgKv2tn,Powfu,71,1076343
2o5jDhtHVPhrJdv3cEQ99Z,Tiësto,82,6416136
2J3B2nSVLdcNzWgiozV4rs,Farm,27,2047
7rIOS1JCp7vUfiIQwrFn29,CRWN,8,445
2tFN9ubMXEhdAQvdQxcsma,Jessica Simpson,51,1114293
2lkCfFklQDBPlQzS4tR3VP,Tiffany Young,45,407954
7wLyGTO9vUS7ndlq4BvBGe,Blake Rose,60,77267
1Hsdzj7Dlq2I7tHP7501T4,Niall Horan,74,8608369
5sXPLn0XElTS3Aq0STgm4H,CaRter,37,22563
6nxWCVXbOlEVRexSbLsTer,Flume,72,2289226
0Ye4nfYAA91T1X56gnlXAA,Mako,61,109604
2A6ICTUl1UuEUt5sLnWTcR,Mauwe,18,3014
1dcOqBdCq9ivYwXFUD8DPS,Sai Charoenpura,17,302
7oPgCQqMMXEXrNau5vxYZP,Tracy Chapman,66,1317363
5rYJsXiNw3NxHJfOxtmDuC,Michael Carreon,43,21195
0OjRa6r1EIPF5RZPy1SGz9,Musketeers,48,160722
4Yn4eqGITgZVZnOuRQNE2I,ALIGN,34,5024
6k0IBR0lU42s2GYpNX7kA9,Brian McKnight,59,1249987
0TApm3i0QNERy939m3QhaZ,Room 39,24,547837
7lsnwlX6puQ7lcpSEpJbZE,Kilo Kish,47,132269
0sHeX8oQ6o7xic3wMf4NBU,Supergrass,57,488265
1TqQi97nqeiuOJrIFv5Sw0,Semisonic,57,372677
6vffgX7j9uAPNTnIefr4pH,Kwang ABnormal,21,514
1XgFuvRd7r5g0h844A5ZUQ,Take That,62,1116154
3aQeKQSyrW4qWr35idm0cy,T-Pain,76,3868653
7qXzy6c5RWT0XlVQcOBIDG,Mark Forster,60,2592413
0dlOr0VIysztGWvU1dpjmP,Natalie Imbruglia,59,792884
5ymrPYlQszvpBHwIVHGPcQ,Pramote Vilepana,37,45824
0fiWOxhsBsQQvFDtxUQWo0,Brett Young,66,899116
4kYGAK2zu9EAomwj3hXkXy,JP Cooper,69,769024
1JUCILn2MCG4PYlJYX7H6J,Super Glue,12,155
4mo2KIBy0Wh0TFaXKqo3F2,Punch,29,22212
62SdO0F4reVPkV9pGskNky,Johann Beach,0,6
7DMveApC7UnC2NPfPvlHSU,Cheat Codes,72,2065180
4ZjogtnnBRqb5H20LSz2uY,M Auttapon,26,40366
4ASphC8SVZ5kxeCFSxY5QM,The Cassette Music Bar,3,178
77kULmXAQ6vWer7IIHdGzI,Jordan Davis,69,649211
1C6qssOWal7Sii2guMg0mx,Pop Pongkool,43,567184
3ApUX1o6oSz321MMECyIYd,Quinn XCII,67,703024
7z1VrrLktQYoS9C0cFbfnI,Tatiana Manaois,46,176848
3GsYUkkdxEno2sunDQcRHo,ACTART,37,45349
4XDi67ZENZcbfKnvMnTYsI,Jay Park,66,1733446
0C8ZW7ezQVs4URX5aX7Kqx,Selena Gomez,80,35720665
20oQv3LStCKCjI9oQ0JNha,Less Than Jake,53,324558
4zXwKatKsxYa8T9dAOzlgS,Summer Kennedy,36,5788
5CCwRZC6euC8Odo6y9X8jr,Rita Ora,73,7487036
2MnMuRYL9qsGvWPsZGeDGQ,F.HERO,54,401252
5i4BaWy8YIun1u3RXwmlWn,gianni & kyle,55,190035
1qGohIp3a4kh1Euymx0pyL,Ocean Park Standoff,46,26048
1zNqDE7qDGCsyzJwohVaoX,Anne-Marie,76,9641886
1HY2Jd0NmPuamShAr6KMms,Lady Gaga,83,22418082
7o95ZoZt5ZYn31e9z1Hc0a,Natasha Bedingfield,64,1441199
0pIkY4JPxd9EdJg4HEmo29,Nop Ponchamni,31,24588
7LAucJAvbQa7ZIA0qP8YI2,The Royal Concept,45,111158
5JNv90XDHF97kFsPYmJiOl,Sugar Eyes,25,3746
21TinSsF5ytwsfdyz5VSVS,dodie,60,978491
4egd57eyEccqfOkHxoQqAj,Justin Park,47,60367
5y2Xq6xcjJb2jVM54GHK3t,John Legend,75,6192512
3t4X0DC6dneyLQousLUySv,Ploychompoo,28,54431
3JGC3LkYrwlrTscixVwY72,พราว,24,25255
7LiltnpnD4Q60750gWXrgB,Boyd Kosiyabong,44,245425
4umslnWacWVG6hj10yQy5u,Yokee Playboy,32,63532
5tTsrGPwQRWUsHR2Xf7Ke9,Natalie Cole,60,507628
0Grjlu7ncIuCaSYvCs9fcd,New Radicals,57,191499
4UCR7MZYvPa4fdyKGI4itd,Copter,38,17541
3BpiD33EPJLTi4RgMe5gE4,Air Review,23,9238
2iEvnFsWxR0Syqu2JNopAd,Smash Mouth,64,866010
4A9xtvezlouTD7H0kyUje9,Twin Atlantic,43,148124
3PjDqHPxO4ctJON1CaOQCT,Chin Chinawut,27,17116
1Td3Fc1O4YfK9KxeZDAoOu,Blue Shade,44,50679
36jaGQtMj5UWD0eO1fCVdD,Joel Adams,54,163695
0SxUEXqsDkjeDZRy60KZ8j,Mr.Lazy,28,30180
4pADjHPWyrlAF0FA7joK2H,Jay Sean,64,1562638
0xM940CrwiH7wrqx3hedal,P.O.P,26,5640
6FbDoZnMBTdhhhLuJBOOqP,Jewel,57,635703
6CwfuxIqcltXDGjfZsMd9A,MARINA,73,3756976
6Gi8ZaXGx8MK79HwzXpuVZ,Emily Burns,53,139615
3EGfGUVmEPyyUEF8szBVwE,Gary Clark,31,1873
4sTQVOfp9vEMCemLw50sbu,Galantis,74,3239704
2wwZDwSBHaVaOI6cE2hfhf,Yoste,45,53888
6dhfy4ByARPJdPtMyrUYJK,Yerin Baek,57,448725
2xuN796lJ8Oj4vsx2XiJqj,Moderndog,31,170058
3YpKkSd9uluZRtrh2oUsVn,The Spacies,37,9354
0qT79UgT5tY4yudH9VfsdT,Sum 41,68,3427883
0cZPTEmf3mlwj5kjVXR4po,Caroline Pennell,43,19862
0BvkDsjIUla7X0k6CSWh1I,Luke Bryan,75,7390562
1kNQXvepPjaPgUfeDAF2h6,You Me At Six,58,692473
6NZ39j1ffvaj6q2G9SCDuF,ใหม่ ดาวิกา,7,908
0rHFi0qKLbO72s40s0DZ2h,The Majority Says,18,10660
5VR2NQf3Y8Hmh8iHS6bXYx,Greasy Cafe',36,88506
6Ul5SIYwfYqiTgvSDqOe2n,Ice Paris,36,39624
0CjWKoS55T7DOt0HJuwF1H,Bipolar Sunshine,59,79560
5MahcP4Ovco9oORrQRaUqp,LAVE,28,8127
7oJtghmTMHdQ49zN8uLSob,Harrison Brome,43,27228
5rScKX1Sh1U67meeUyTGwk,Michelle Branch,56,555747
4VivsO1n4n2Mi2Btyb5gfL,Cosmo's Midnight,55,116749
0DxPHf2flBAcV2SnZPg3SV,Jake Scott,63,140148
2Q3eZMfDQgT8MhPowKFXYO,t.A.T.u.,63,735518
3yfUy4dhvq5DwrSMsEE6od,Palmy,43,663325
1pTiPuAABytFjsXsUwgsNE,Pause,41,115354
13yCAnmLQoRIQKXHa6lFai,19&YOU,33,6315
23fqKkggKUBHNkbKtXEls4,Kygo,79,8060784
7lDVEkjIURPMyUYwoQRrpw,Ryan Hurd,61,187368
41DGOfz7IFMVvf9wKAzeZS,Jalen Santoy,51,107914
146ebOANbm51eCzFGuIlEl,Kala,37,197792
4G5OlxtrOm9ADmu3VZgFbG,MEYOU,49,318401
4tuJ0bMpJh08umKkEXKUI5,Gracie Abrams,66,495418
3PWVGBibvYW9YfZX6ayYq8,KLAN,44,21216
1lfMGY3PXMmj6qgwiPqp06,Sheryl Sheinafia,42,218627
0BZ0jp1b95bdcX23MZRU4A,Banoffee,29,21327
1mSJCvDX0W7Dn7S9C6vmvI,Anna of the North,60,191184
4MKVLp1MAwYFqaXhe1g8dA,Aron Wright,42,34298
1HxJeLhIuegM3KgvPn8sTa,Jack Ü,59,1068541
1PU4kQGbRVMSyvawEYEjFp,Chris James,57,23936
3zSMaWnvUzyNlOW0Tj2s4N,SCRUBB,49,532699
4M6Z1wubeKtwPqbjJygTOc,Shontelle,57,611887
6XyY86QOPPrYVGvF9ch6wz,Linkin Park,81,21977271
6rXuozdIQQOBBUf7AXVLz1,Soul After Six,29,43040
5ILrArfIV0tMURcHJN8Q07,Vanessa Carlton,61,542192
1vCWHaC5f2uS3yhpwWbIA6,Avicii,79,21831284
6deZN1bslXzeGvOLaLMOIF,Nickelback,73,5775203
55SUpsj027epu8yi663EKZ,Luna Shadows,39,112394
5w3tLJASF2cpq8axPJRz14,Vin Siriwong,21,360
4kYSro6naA4h99UJvo89HB,Cardi B,80,20258951
051lp6s3ON69PxioINt2xE,Gun Napat,34,31866
,,,
7pMqgUModTCyS7hpa5n2Lc,FRND,42,69656
6pBNfggcZZDCmb0p92OnGn,Chase Rice,62,1025075
25kov7H9o1HySLvWLIHnWb,อาร์ต,1,5
2ZgWZxe6QNlQ7ukxXTDQ5x,Projekt #EGOLAND,3,222
0Ya43ZKWHTKkAbkoJJkwIB,The Wombats,65,995338
6bgJVFxXoLzHewXZmpdpGs,Marc Tatchapon,37,101297
2MqhkhX4npxDZ62ObR5ELO,Hoobastank,64,2113933
4RnzpVhMevUeU16FlV4e3e,Valentina Ploy,45,13095
6DIS6PRrLS3wbnZsf7vYic,WALK THE MOON,68,1926179
6dHHmu92q47xdwVxV6W7Fu,Better Weather,37,110383
6VuMaDnrHyPL1p4EHjYLi7,Charlie Puth,80,16414511
6UOV42aOSJ5YrbYzLIfLwr,Sun Rai,43,58444
0X2BH1fck6amBIoJhDVmmJ,Ellie Goulding,76,10917383
1MXZ0hsGic96dWRDKwAwdr,Tyla Yaweh,62,447406
73PTYegu3D1i5vRERzcBhT,Patrick Baker,36,5712
3UinDJmeOYHabAbh1SZadg,Kinkaworn,40,2811
79Xp2rRN7wdsaTJgttdX3K,Cody Simpson,58,1389378
0XkEUMM4lJHAzfTK9vR0cu,Violette Wautier,55,546206
4nNwfeVaNJlfz8RdCT5MJO,Gareth Gates,46,125304
2hGxtbozs9MLpSHE11XOOC,Andrey Azizov,41,12749
7rftfGIYEeZ79sLb58ZBDi,Gabrielle,58,221942
7qevodTHcV0rtg9O7ih6nn,Louis Mattrs,40,17243
74ra0Ma6JVnWopieuemcKU,Toffy,22,199
5dhyUSoGhz79WTzP39vKs4,L Devine,46,113209
1XNC9ksvgXeD1xRJruSA5t,K.Will,49,326408
6JrR3zrG0NQiXb9N9XSyGb,Cocktail,46,524974
2DlGxzQSjYe5N6G9nkYghR,Jennifer Lopez,75,11966856
1Cs0zKBU1kc0i8ypK3B9ai,David Guetta,85,24395311
60rE8L4eGCSSaJCS1kqNKy,Julian Lamadrid,33,13293
6xRlQCMpg8bmkHlluqDF7Z,Devin Kennedy,46,6894
1qXuwKQR0iK6HBmJO3n0SZ,Castro,27,6567
3WfJ1OtrWI7RViX9DMyEGy,Mayday Parade,60,1283947
3zDRCqOhJXJfS2YWOEwGMC,Christopher,57,230077
4IWBUUAFIplrNtaOHcJPRM,James Arthur,77,9903331
1l2ekx5skC4gJH8djERwh1,Don Diablo,66,1793196
3hozsZ9hqNq7CoBGYNlFTz,OK Go,54,479027
3plJVWt88EqjvtuB4ZDRV3,Ben E. King,63,472527
14rP13jdQNgQvuPA2AkBgm,Glades,45,81952
5NTMa7YJCseQqw70zgF7b5,Bedroom Audio,40,114960
6fzQ81ouajOEFqCIB9VwrS,Morgan Evans,54,148341
4m4SfDVbF5wxrwEjDKgi4k,Cher Lloyd,62,2543478
6Hizgjo92FnMp8wGaRUNTn,Vertical Horizon,50,373119
3ZAIKutVvLYqmcxfkBz5aP,Butterfly Boucher,39,18605
7oPftvlwr6VrsViSDV7fJY,Green Day,77,13401794
7hOGhpa8RMSuDOWntGIAJt,A R I Z O N A,60,387618
5FYfIAuN8mV5KgVtugwfc0,Revolverheld,52,457366
4NGiEU3Pkd8ASRyQR30jcA,Matt Nathanson,55,349663
20JZFwl6HVl6yg8a4H3ZqK,Panic! At The Disco,79,11425449
11iuJcoaqtToPVCJ3DeBev,Racing Glaciers,32,17843
6JINIoM2HUR5ZNTJwoR9eC,EZI,44,130434
1GxkXlMwML1oSg5eLPiAz3,Michael Bublé,72,5315084
0QHgL1lAIqAw0HtD7YldmP,DJ Khaled,76,7753191
36BjLtXEXIifbRrfc1Rtqa,Yuno,45,50430
68WwJXWrpo1yVOOIZjLSeT,Evalyn,41,68961
7dJ3pPuDcHLEwhtlZNJKcr,Tata Young,36,36104
4ydzsIah5wYpgPj12nkeOg,MADE IN LA,27,3207
3gggmBN0erstm3YJvEGe3t,Jake Miller,58,296527
5aYyPjAsLj7UzANzdupwnS,Good Charlotte,64,2253029
4ehtJnVumNf6xzSCDk8aLB,Martin Jensen,67,1248029
5Wfvw7rDz7HA6gE2z6QhqO,JOSEPH,47,103067
1Cq0LAHFfvUTBEtMPXUidI,O.A.R.,56,357576
7yVXoYjAE7rrkQ28aGBgUo,Malia Civetz,45,11098
2Ah7S4oLgEBYRbz2V0cZzU,Lawson,42,189501
4fEHoe94Lhb3gaWIwufmjS,Anthony Peebles,4,294
7xTcuBOIAAIGDOSvwYFPzk,Daniel Powter,58,231187
0GiEONvF01I5uJJzctwnNx,Ben Chalatit,30,23390
4ylR3zwA0zaapAu94fktwa,Macy Gray,59,578198
6zFYqv1mOsgBRQbae3JJ9e,Billy Joel,75,4368871
5CiGnKThu5ctn9pBxv7DGa,benny blanco,71,909335
4jDRDTYkULJ1hOESWa16Ej,2 Days Ago Kids,27,8095
3Y1IqMgKZTXjsMyWOuxPPj,Flure,32,98792
48FNCGA8dKjcsfTO3TMcAV,Aina Abdul,41,39860
0PUf7ZQsGx7s7en5EVfNNx,Tonbandgerät,34,37758
75EZuo5MHV2572NRpMWotC,Crystal Fighters,50,346153
6rkiZwshBMorgls8PbDzSY,BELL WARISARA,47,31941
2LJxr7Pt3JnP60eLxwbDOu,Mandy Moore,62,650753
0NUrxp5GtbgETe9xxI9wBQ,Corncan,23,880
3ebS2RuCq8QeLyndUDmgB5,WizTheMc,54,54198
34E3csCxpXunPGEkOVVX2g,Albert Hammond,52,99381
2QSPrJfYeRXaltEEiriXN9,Tove Styrke,55,150872
2gsggkzM5R49q6jpPvazou,Jessie J,70,10050577
4N874uPqBka1QiCvnCVOtr,Phoebe Ryan,55,332813
3iOvXCl6edW5Um0fXEBRXy,The xx,64,3850048
4KjqrvqKO5fbI5yDR5yzny,First Anuwat,45,83915
56UIK6wmbbxuQ6VA20vrWD,Lola Marsh,51,119749
6GpcBKNmZDIrRzYkPJu7Wd,flora cash,60,235029
0FVj4JuzTyudaXAwfqDQ20,Autograf,53,103332
422RLznpwUa5FsQgnTlgUH,Great Good Fine Ok,51,119190
3I5FVAZIBGWvoKJ4cnqzyX,Rose Sirintip,30,67366
6JMHws5haIO6V35YNYDnDw,Atomic Kitten,57,374231
1WLKjYJX9YHSlwufclauhg,URBOYTJ,52,676835
4GlglNbE2y1QJC1I2Jjolj,jasper,6,705
5IvPWE7TWcBbsr45jpSgxL,Batomae,27,6983
1l7ZsJRRS8wlW3WfJfPfNS,Christina Aguilera,76,6999878
3r17AfJCCUqC9Lf0OAc73G,Fergie,69,5034911
5Y5TRrQiqgUO4S36tzjIRZ,Timbaland,75,2284540
0g3BS5QoR5r6pOAg1tvwXv,Dizzy,45,36279
32WkQRZEVKSzVAAYqukAEA,Lady A,67,3554943
1dOMFM5wDNsENQQW0nl0K8,Urban Zakapa,46,187097
2uL9cdYQwaJbvudGv4VxOc,The White Hair Cut,35,17512
3VVLqeEqQQqTgT8YhfY9Z6,Emmit Fenn,60,145010
77SW9BnxLY8rJ0RciFqkHh,The Neighbourhood,82,9320610
55Aa2cqylxrFIXC767Z865,Lil Wayne,84,12215017
4sg4no0TXdsrM1s4SVUwNF,Juju,62,510818
1lmU3giNF3CSbkVSQmLpHQ,Surf Mesa,63,148976
0Vw76uk7P8yVtTClWyOhac,HONNE,65,1397791
2JSBQeazRlk0kVp2gelwbZ,Paperwhite,29,35133
01QTIT5P1pFP3QnnFSdsJf,Lupe Fiasco,65,1749316
1l2NYhptmHjo64MDOcej1x,LOVA,53,24995
6eouuqqGggqDlYRV63cgPo,Secondhand Serenade,56,918914
6ewMqjrF31lC8ywRsvm073,Nick Lachey,44,180800
21mKp7DqtSNHhCAU2ugvUw,ODESZA,68,1399577
3pVuaUisHmRfVy53qWwmql,Daniel Schulz,47,16819
32bq0Oy4ygWPR5ItUM5J5M,Paradox,42,132748
1tqZaCwM57UFKjWoYwMLrw,The Cardigans,60,827797
1Xylc3o4UrD53lo9CvFvVg,Zara Larsson,75,10149599
6S58b0fr8TkWrEHOH4tRVu,Switchfoot,58,621432
28yVvEvA2lT3K5RNIhV1Dj,BAYNK,60,109932
7H6dkUChT5EoOQtUVMg4cN,Hunter Hayes,60,1139299
3wzGjN26jzqLY2Gc836sjC,ROOFTOP,39,42380
5TrH0BhpRgs2gkOb992bGC,Lene Marlin,45,62088
0C0XlULifJtAgn6ZNCW2eu,The Killers,76,6557551
1cn7hpmFEpidzWJySGCTJF,John Gurney,29,4400
5DK8eK7fjvRsziXzyr3sFA,Moon Taxi,51,173607
1B8ySGDAiXTCvnJNH4HSCG,All-4-One,54,619214
3IYUhFvPQItj6xySrBmZkd,Creedence Clearwater Revival,75,5107756
7DZSmYxbcqGOz4QxhxNAJw,Pacific,27,12509
47FfXpy7XLVK5guGnK8NTL,Pancake,33,81311
7BtP9ddB2rW3Q5TDfsI5YG,Chelsea Collins,43,30351
4dYQmk5ma04mZ1KJ9KkAQK,Kacy Hill,61,90070
5ndkK3dpZLKtBklKjxNQwT,B.o.B,71,1979530
2ZRQcIgzPCVaT9XKhXZIzh,Gryffin,70,823221
6UcJxoeHWWWyT5HZP064om,Chet Faker,61,279543
4NIPR04MgEH0K5uv8Gn7ek,Brynn Cartelli,45,71485
4gus7u7NSeJ3OGIhOnNgIr,Ituana,55,22927
1ifC4znYCvmMSJ0rght5JS,Haux,53,146991
2zmrsXMHxagFz6vI2cD7r6,Ella Vos,49,190078
4Z8W4fKeB5YxbusRsdQVPb,Radiohead,77,7190118
1wsoV3RXPkxVz3PwsNRI5K,BewhY,51,247827
2TzHIUhVpeeDxyJPpQfnV3,Katrina & The Waves,61,69765
0Qnx1MPnHYt3jJCYrRFVwX,Greyson Chance,57,450777
5BcAKTbp20cv7tC5VqPFoC,Macklemore & Ryan Lewis,71,2579564
4aCkc4HrwC4Dopig7RELoH,Kidswaste,45,44307
1z7b1Pr1rSlvWRzsW3HOrS,Russ,76,4445075
61GpNXCcaeUQ72RbwD0S57,Ab Normal,32,115090
1TMMyiSsNzmRiZCAkVLVb2,Lisa Loeb,46,175053
1tQu5TjcAK68fx8qrc8ZgF,SEBASTIAN PAUL,54,67002
2gUMs9PE8XZVQyzCDqaYmW,High School Musical Cast,61,1257810
3PhoLpVuITZKcymswpck5b,Elton John,82,9509556
4UJK9YumaRxYB9LkVhmJss,Ten To Twelve,33,32192
0kPCRCXp9rrnZdtCVZAyOL,Hearts Like Lions,15,8262
1hzfo8twXdOegF3xireCYs,Milky Chance,71,1651430
6O74knDqdv3XaWtkII7Xjp,Boyz II Men,64,2489704
780z5aP7EUHfDT6Q5YERKL,Singto Numchok,44,189156
14lg42Q9EH02k5fHtfdVWc,นิก รณวีร์,21,617
0MlOPi3zIDMVrfA9R04Fe3,American Authors,65,1357479
3pc0bOVB5whxmD50W79wwO,keshi,73,1702018
1EyFHLShIbVJnSjLT6tea1,The Peach Band,20,1341
2WROyFfIOmKtRopsTrIL52,Landon Austin,56,73035
0szWPxzzE8DVEfXFRCLBUb,flor,53,161205
3nlHsNqwCSvT988ZfSW1Yh,Ronan Keating,61,868743
40LHVA5BTQp9RxHOQ9JPYj,Lauren Daigle,66,2108391
53A0W3U0s8diEn9RhXQhVz,Keane,69,2557536
5UjfkANGRdbB6a6aLQHoz9,Chilling Sunday,40,99539
2gBjLmx6zQnFGQJCAQpRgw,Nelly,74,2158600
48Ppd536wZLwCCsND9upzk,PRU,23,4996
5zSQoNQ9o2dnT1LPTzDxg7,Mirrr,50,87547
1qAOsY7jv9GFTv4HoVof5P,Three Man Down,54,811046
51KbY36mrjHRQwvSbel74l,Jesse Barrera,53,29366
1MAUqH0haKBYbjpknTfreY,PENOMECO,51,260028
3uXP1OUxVQdQuBWV2C2rcB,Color Pitch,22,9342
7EUQfuE4cEgazxrDoThLvS,Endlich August,18,647
2qxJFvFYMEDqd7ui6kSAcq,Zedd,74,5766748
12WQ39HU6t5eDvwjK0GFzT,Armchair,27,72181
6wUAn24MOirNVNqQM47fda,Josh Golden,54,31286
6qXwLwTLdA44HYsA26vaNU,Tonic,52,260482
66YzHdK0FWCQSKMlXf3Rbj,Strive to Be,48,14590
01lz5VBfkMFDteSA9pKJuP,The Click Five,48,209033
3TVXtAsR1Inumwj472S9r4,Drake,94,64374453
5Yo5iU2nf4H41waPl4ZnS1,LEA,63,1175327
2nacZFQ7nlwSw4RpsZlbpP,Rosenstolz,46,230769
2gJqa0PdfSuLpoQlWAIAzn,Ezra Vine,39,18733
64NYWpxh4HgzMb1SwCCjMw,Before You Exit,48,149813
1XkoF8ryArs86LZvFOkbyr,Mary J. Blige,70,3182174
3LVPGE5jPPwtbGslx07YR0,Kishi Bashi,52,203195
542qEE4zFUrLQjWNMaOrbc,Hank Levy,35,3680
6L7tIdRpMMZb5l2tk42YLA,Oli Fox,27,3469
1moxjboGR7GNWYIMWsRjgG,Florence + The Machine,76,5966011
6T5tfhQCknKG4UnH90qGnz,DNCE,70,4204636
0gfGtWOKV78OjwmQ0iGcE3,Bengio,39,15737
0jPnVIasXzBYjrlpO5irii,Ingrid Andress,61,95864
2XMxHczWkSzDDFhiC3zt8k,Marié Digby,40,69100
4u5smJBskI6Adzv08PuiUP,Kiiara,61,851219
0WvnXNFhAbvUHTSYVXIudV,Mook Worranit,27,18721
514K0z1r3agJbyK5VfqUGx,Friday,32,49983
0UEP2XBR9aC5NBKcAKnBIq,CHEN,56,1475155
6S2OmqARrzebs0tKUEyXyp,Demi Lovato,79,22629182
29ADVF7I6YQyY2SGUlzCcB,Theia,24,5850
1dIdBZaaHRW2bDTkHNfWln,The Veronicas,56,857165
7o9Nl7K1Al6NNAHX6jn6iG,Travie McCoy,61,339394
4ny9KnAsZA0U3JXE2cAOJL,Ster,23,2472
6QbgJhMkA67jZesRi1Ay1r,7thSCENE,8,84
4EzkuveR9pLvDVFNx6foYD,James Bay,71,3666742
6Bygk8YvDJTfJSuY5ccUJH,Allister,38,48595
3OBLHdh35n5TrEeYQawkO0,Ruj Supharuj,32,5028
69bG9tC62d8oTFC9aTTosn,New West,58,77997
5MGtbiKbqxxwse8CH3R1kA,Link Corner,12,232
3NRFinRTEqUCfaTTZmk8ek,Savage Garden,62,1022071
3bUwxJgNakzYKkqAVgZLlh,Travis,60,936707
4T8NIfZmVY6TJFqVzN6X49,tobi lou,59,343269
6k1ekEfg7DnWc0FbMDY67I,Instinct,35,116692
3whuHq0yGx60atvA2RCVRW,Olly Murs,65,3202379
3LvTWBDk5to1EQy09TOF3e,NOTAPOL SRICHOMKWAN,28,199
40JlNF1w2OiSOyj1nC4y0I,Joseph Vincent,60,319971
7z2avKuuiMAT4XZJFv8Rvh,Tom Walker,65,955352
7omCr5aMOZAR4rL580d2kk,Crescendo,32,85130
2SQkJHpKzsOVtTsSjM1Bwv,Two Popetorn,42,229136
0CeClR95OZeopchb7NWJXy,Trai Bhumiratna,26,20204
6vYrE84zYJwyIYzF2FwD0C,Senorita,23,6456
3Fg3y3Gx6hwdzb9sEOWHEW,Eighty Ninety,34,11735
6oYn1KQSSzV3xtiPaQjPuI,THE JON JOHNS,9,655
12knc5DPOIJKd0qEeYaDVm,Joseph Tilley,34,8501
3eh7klgsVF3iYytd1v62ol,Pun Basher,26,7077
6X9aYHnQ75YI8o08aoa0iS,Boyzone,59,892504
4rQTEdG6hDVOlDUFKs9EjZ,Fly By Midnight,62,99538
2zwHaEmXxX6DTv4i8ajNCM,Kris Allen,43,153597
0TImkz4nPqjegtVSMZnMRq,TLC,66,3145579
2qPwQcHdnoKhMYehUOt7EM,I-Zax,27,43373
2CJw5Z0VmlBMrS1J1dtG9Z,Scavenger Hunt,38,28995
3SHlcJPDT3x3TINU3xjwFL,Golf Pichaya,20,2251
5R4RoARrqvWRT5GEjYHcWp,Basher,37,8724
1SImpQO0GbjRgvlwCcCtFo,The Red Jumpsuit Apparatus,60,1168534
3ZUdKB3VGo26BxRSmnv5n2,SPF,37,19282
27OaUzPoSIktzF5MnYPEmX,Boy Peacemaker,39,308336
0dT03kRR0lTiKKAaQMNtOU,Calories Blah Blah,33,104802
66W9LaWS0DPdL7Sz8iYGYe,JP Saxe,66,353174
1ONhS8pN5UbzqoZlLF69kI,Knapsack,36,13234
1kObei2IODphSwCsUHFQdo,LMNT,35,7473
74ASZWbe4lXaubB36ztrGX,Bob Dylan,70,5731811
2ysnwxxNtSgbb9t1m2Ur4j,George Ezra,74,3688475
536BYVgOnRky0xjsPT96zl,Two Door Cinema Club,66,2170566
15DtxS7TcOYPplKUl5re5C,Jonas Monar,45,18136
4a7CDXcRCXi4kp5z7SEXtg,Lisa Loeb & Nine Stories,40,64516
7rDdcCIz0abQeshcaoFVxp,Taxi,31,15979
5MGoZUcMHAwTKzcXKKofQ9,Riah,39,14433
4hf3caW9H8uFwwbv5pFjcg,Jake Bugg,57,775313
1M71iSbPLnbhnTH0Ogawwy,Houses On The Hill,28,2632
2Vvj76fff5uAw10W1sW54W,The Wldlfe,43,71033
2xR4WFiKH4AKLmyel8dnGR,ศิรศักดิ์ อิทธิพลพานิช (ปิงปอง),3,320
6tK77FerjTNLS5EEhI0zGM,The Brevet,32,13542
4AQrqVz6BYwy29iMxcGtx7,Roosevelt,56,217549
2HId04sgPVDFEYVSum9Tq0,Mike D. Angelo,11,13323
0hYxQe3AK5jBPCr5MumLHD,Sugarland,60,1689333
3IJavjhXhOnhcH3Jv2nsCg,SaraoMusic,26,2760
1ikID9RZZMvkuBGDWrqajq,Kasbo,55,141962
5P5FTygHyx2G57oszR3Wot,Daughtry,62,1846947
5CtI0OHj5x6rHQDqpM4JPy,JT Roach,47,8926
4xRYI6VqpkE3UwrDrAZL8L,Logic,77,5739558
5pUo3fmmHT8bhCyHE52hA6,Liam Payne,65,9595048
3w6zswp5THsSKYLICUbDTZ,Gabrielle Aplin,59,651565
0ZrpamOxcZybMHGg1AYtHP,Robin Thicke,63,1868490
5xW9faV2hqlLG0rp7CTBof,Julian le Play,40,31629
0LcJLqbBmaGUft1e9Mm8HV,ABBA,79,8195690
3VAxb3UskTNiHAKh4UeOEv,JR JR,43,89821
3WGpXCj9YhhfX11TToZcXP,Troye Sivan,77,6873300
2BTZIqw0ntH9MvilQ3ewNY,Cyndi Lauper,68,2006570
6GI52t8N5F02MxU0g5U69P,Santana,69,2629115
6VDdCwrBM4qQaGxoAyxyJC,Cold War Kids,60,783776
32uSrcfexWf9aT9Sz2fivr,GUNGUN,30,144047
2AQjGvtT0pFYfxR3neFcvz,Jordin Sparks,60,2124362
5J2vys3RSPTH8gsDLehh2m,Tae Vitsarach,23,1717
26bJbzXVRXRczfLi3KNJy2,Mew,15,1259
2wIVse2owClT7go1WT98tk,Missy Elliott,69,1987990
3JhNCzhSMTxs9WLGJJxWOY,Macklemore,75,1873521
6CWTBjOJK75cTE8Xv8u1kj,Feist,58,682008
21E3waRsmPlU7jZsS13rcj,Ne-Yo,76,7193519
09Z3wZ88af1pfyJxziESQF,Nick Wilson,46,38870
07D1Bjaof0NFlU32KXiqUP,Lucy Dacus,59,267255
0AfALT2vJawmPIQOxdfO5N,Rayssa Dynta,34,4632
1L3mQeJx5YUcTqhIHD7pjV,Kenzie Nimmo,23,10807
3zunDAtRDg7kflREzWAhxl,Eels,55,402074
2nO6v6ZnigodGqi7kZfEY6,PENGUIN VILLA,31,37136
5oWOx0BBDSMoFB8JDrjQre,Katharine McPhee,51,168334
3gqabzO7zvHVzAIT0Nxqa3,LOTTE,57,187735
64M6ah0SkkRsnPGtGiRAbb,Bebe Rexha,76,7343101
2wUjUUtkb5lvLKcGKsKqsR,Alessia Cara,73,10409919
1LzWWI9v4UKdbBgz8fqi15,Tayla Parx,42,101569
3jN7f9X0EmFnsbRS6nl6as,iamnotshane,53,94137
4vtjBb9oN3aEPgOVrRS0Rw,Ake Surachet,35,17954
08DLZqQd6XDAVteF9nSEJ1,Paula Cole,47,133057
4QJGiPWXYSmLYWBBSPIVqX,Four-Mod,31,28168
2RTUTCvo6onsAnheUk3aL9,3 Doors Down,68,3736237
7aSRqRjQAYTEm2fFohlZZn,Prelow,43,32040
0pf1lcBxh6HiiHQAIzhTI5,Newton Faulkner,48,204011
0dpiMnuJcfuvZFlGWaQ7tR,TOR Saksit,34,30907
6iKiDPed4LAQEcPZpvf00m,Maria Taylor,37,15717
1c70yCa8sRgIiQxl3HOEFo,Cherish,70,523672
2SA48aCaiOpXDVgoLQNWX8,The 38 Years Ago,29,5492
72eP0W3rIhkxd0NHGg4w4u,B*Witched,49,187914
5wugb0kaq0J6nyQ5Xgd17i,Aly & AJ,60,580955
147nKr9upHZSSxqCzh9j7c,Jimmie Allen,63,180421
7dWYWUbO68rXJOcyA7SpJk,Fort Minor,60,554931
7r2uG6BlFXKcwmh9ItqlII,Wrabel,62,214947
2LIR0lyPHxeRbfGZI9IBl1,Oh Seksun Parnprateep,26,3366
4LoM3lMauQ540MW9QiyIcR,Anna Nalick,47,147288
7lKQtm4sJL5NLREKDXziH3,The Wonders,38,5018
7t0rwkOPGlDPEhaOcVtOt9,The Cranberries,70,2931382
6NLvlpFHjAedoPwWoPfGgK,Laureline,23,3476
4sIl4BTo9l9KqEi0Y3RE72,Carly Pearce,63,248096
6DbCf2VwMMPCNpmKEn2BJo,Alli Simpson,27,38793
46CuxapoPjUfIOiXdNq7qM,Oh Land,38,160926
66pTbLwtaCUvT64JA8zXZh,Joosiq,40,5423
1By9QBFnjZAoI83BZppHlt,Billy Currington,65,2338732
137W8MRPWKqSmrBGDBFSop,Wiz Khalifa,81,10613061
0txmzrxdCsJv8qoko7C4CM,Dome Jaruwat,35,13922
6t70simaQ2YQHec8QqhiwD,Joey Stamper,39,14260
2EfG2EoT8GFJrMiilbTVl2,Donna Lewis,51,60480
14uVJsPC4DByeuD0cq36ez,Moods,48,41889
4YXycRbyyAE0wozTk7QMEq,Matoma,66,697537
32qeMmjXorbPWS9JOi8O2p,SERIOUS BACON,49,129858
6wPhSqRtPu1UhRCDX5yaDJ,The Pussycat Dolls,68,5118964
7xBGi7Eign0fX7jGQj5KlJ,GRACEY,56,30316
3ngKsDXZAssmljeXCvEgOe,Eagle-Eye Cherry,57,152504
7nXSDVE7Q2j4LEPIyj8wEP,Buachompoo Ford,29,25202
14B4mgSzXq0C7WPiJnhWme,ญาญ่า อุรัสยา,13,399
2Jr5EFZjeF2wgNfY40Sney,ว่าน รัชชุ,2,45
7uaIm6Pw7xplS8Dy06V6pT,Trevor Daniel,66,705065
51baoJSjBSHXbpgLMRReCt,Josh Tobias,33,4591
0NWbwDZY1VkRqFafuQm6wk,Mike WiLL Made-It,64,1405237
4Yttlv9ndGjCDCVLqM7ACq,Sido,70,1781961
0yNy8fi1yBBq526E6mx4Zs,Orianthi,41,70883
7DEseTqRODmSu3C7jxCHl5,The Boxer Rebellion,43,99395
0oA0cg7ajEwV0EXKCAlQ63,Pépite,43,54031
2CUeVZl8E9ouggdBhyclFx,Chloe Lilac,41,53959
5ZsFI1h6hIdQRw2ti0hz81,ZAYN,75,20408686
6VxCmtR7S3yz4vnzsJqhSV,Sheppard,62,265395
2LZDXcxJWgsJfKXZv9a5eG,Cashmere Cat,56,317918
0knGpCTbmG4ctl1wzYRZs4,Dijon,59,223009
6ol9cL579DiFu0LDhRQ3G9,TYLERxCORDY,33,10180
49jTY62Cpw3RYo4dLuG43W,Cian Ducrot,54,69152
7dGJo4pcD2V6oG8kP0tJRR,Eminem,89,56686821
0c173mlxpT3dSFRgMO8XPh,Big Sean,78,9737860
4zKhX6hYCQPNs406umP9Fx,O-Town,47,267001
2FgZrgTMX6Sk0VNcOsEPmm,Punch,62,249023
6PXS4YHDkKvl1wkIl4V8DL,Fetty Wap,69,4319364
3IunaFjvNKj98JW89JYv9u,The Japanese House,57,529547
0GG2cWaonE4JPrjcCCQ1EG,SG Lewis,62,287748
5CqZWFsNZfs0Xo7SmKfKlb,Amy Kuney,7,2227
55tif8708yyDQlSjh3Trdu,Ben Folds,49,268561
1Xyo4u8uXC1ZmMpatF05PJ,The Weeknd,91,46027559
1NHldNW7ujTv27buGtRg3M,Gift Monotone,3,137
1xrD4APQkKOmBptM7neoGt,จอนนี่ อันวา,22,944
3Mhz9IWKh9WGdqGh8c6STu,McKay,19,301
4hUQej8QpzNRSaNozlWanO,Saynahhoy,24,311
25pAwRpqeDrTluI5bkRFqa,Colour Coding,5,1583
0u2FHSq3ln94y5Q57xazwf,Keith Urban,70,4723342
5r5Va4lVQ1zjEfbJSrmCsS,BROODS,56,475117
1dfeR4HaWDbWqFHLkxsg1d,Queen,83,41903738
3i94wxAKQqlJyiPLDmjNdH,St. Lundi,53,15122
0x6cwE90aYe5YXaImt5MQj,Basketband,38,29861
4tvKz56Tr39bkhcQUTO0Xr,Angus & Julia Stone,63,1178013
6gsvIJo92mTXuqhdrO31hW,RORRE,6,761
3EBRANWwnViQuBrImN61Z1,Pixie Lott,51,895664
3oZDqlOiOQTolPJZsxivaN,Feki,37,14511
33crDRqANd3NQHJagZkQ7O,slchld,58,247570
5s7Nf1bvCaqX1lZbqW5GkH,walk in love.,23,267
6YxrfNCKBcQlbITpmDLErL,Xuitcasecity,55,90601
65YTOUMjNZIL69vH1O3qqx,Get Set Go,25,7411
6jsjhAEteAlY0vCiLvMLBA,ROZES,60,104157
1pUb8pXs4AvrtgAK5mWAKG,My Pet Dragon,11,862
0JATr7jbSHqaRxS91x9dU7,Burin Boonvisut,24,20578
7xmK7SfecrmjqsiIoSa1uf,LPX,29,16832
39vA9YljbnOApXKniLWBZv,Sylvan Esso,58,497310
0dQVFctH2AKkPpYR3Wbn8Z,Briohny,25,16231
4S9EykWXhStSc15wEx8QFK,Céline Dion,72,6191531
2YBvG6qutTpwCK7QtWWugO,Tem Wuttisit,24,3340
59pWgeY26Q6yJy37QvJflh,Sleigh Bells,45,256054
1B9SbgFtfWSlUvAd1y0AaA,The Brummies,43,22852
7aFSf2WJ2d2a75mE2OumxD,โซลเอ๊าท์,27,83
6GH0NzpthMGxu1mcfAkOde,Hellogoodbye,46,207691
6FBDaR13swtiWwGhX1WQsP,blink-182,74,7028428
41qil2VaGbD194gaEcmmyx,Will Smith,65,836301
7jZzFwB8FGHZVcQXrtliop,Gene Kasidit,36,16568
6wWT7zLNVgTHbRh17E0tTk,The Mynabirds,22,15334
4iiQabGKtS2RtTKpVkrVTw,Smallpools,52,226824
1AhjOkOLkbHUfcHDSErXQs,88rising,69,816655
0KDuKk6YdEu3hR56HtXmxt,Story Of The Year,52,403880
0rvjqX7ttXeg3mTy8Xscbt,Journey,72,4354125
5PxCTrv3Y1xVACfngpt7D2,Lostboycrow,53,131788
7dOCnyDR2oEa1hQlvTXvdT,Cody Fry,61,183851
4UXqAaa6dQYAk18Lv7PEgX,Fall Out Boy,76,9528069
3tQx1LPXbsYjE9VwN1Peaa,Marc E. Bassy,63,395493
6LArUyIoMiHmDvvOAsE2cd,Dream,57,1145755
3QLPy7F0m9XgChp2Lk9B3N,Lucy Spraggan,48,126316
5WUlDfRSoLAfcVSX1WnrxN,Sia,82,23616098
2U6gqwyl9F33YxawnFrZG7,Will Young,50,326989
3AoNmoBJyEsBxlAjhrdxtw,Hudson Thames,38,13414
04c4aSTmNl9PZenyKf9HAZ,Digital Daggers,41,76715
4S3aY925ReT6zVuaHw5jdC,T Jetset’er,23,260
04u3fc37nHFKN7GJTSIwI8,Rendy Pandugo,52,298377
252cgVmlHfU9jkUArZ8gDm,Love Beans,32,4587
5lPsVvHVDr6R5mDxRUXdOs,A1,50,415550
6dn6x1XOng3LOAnfTjUn77,AJ Mitchell,62,767375
2KT0mSAPvd9PreXYCiVfVO,Just Jack,46,49015
4K9OTkRXEFL6NDXFTqVmq9,Elina,56,159797
5QxM2AJHYJBIQXNABRTJvR,Lemon Soup,29,25644
6lHL3ubAMgSasKjNqKb8HF,Mýa,61,1157841
7Lqoxwx5Jfigj3xUHMDQ8x,Shaimus,18,1559
0agcvI8NSqz4jBK3I5j6eX,The Mousses,30,88401
6VcDfoZ0pgSOd5rtQDmbo0,Future Jr.,33,3736
6c072WEAW4bDCE9af5oXS3,Tea For Three,19,5370
2cGwlqi3k18jFpUyTrsR84,The Verve,64,1898672
1vfezMIyCr4XUdYRaKIKi3,Keyshia Cole,63,3041582
1gUi2utSbJLNPddYENJAp4,Abhi The Nomad,57,113028
0pYLkvELnDJms1iJIPxLsN,"Mokita, Stand Atlantic",0,13
0GeeHvpe3f85mYjmAxJ5Np,Paige,25,71
0a1gHP0HAqALbEyxaD5Ngn,Rascal Flatts,68,3216198
6Q192DXotxtaysaqNPy5yR,Amy Winehouse,73,7906504
0B3N0ZINFWvizfa8bKiz4v,James TW,65,1129221
4W48hZAnAHVOC2c8WH8pcq,The Temper Trap,59,650310
64fJiKnU2RfnndB8xP3gLi,Levi Hummon,47,31412
1sdnOXw9epamqw5ERPK8T5,Valntn,42,13515
5iPtkyoEOCILhwFgl2a2d3,Bearcubs,45,40557
766wIvoqqGrjRDnExOjJls,Thirteen Senses,42,78205
67IN4cLJ7798gUapyZlmac,Zack Tabudlo,71,1482666
4fXlK7OJeRK0Az6gpsdxe1,Drama Stream,22,3150
6PzfeMetkoQYaQ5GgtInPO,Pang Nakarin,40,414289
73zuDd5WCgjjsF6TNbbBe1,Ae Jirakorn,33,132222
1Yybte8g5co6ZQaFZdhMQH,NIGHT TRAVELER,39,30188
6z29S0IoiBJpSMP8plyCj7,Jon McLaughlin,48,125106
4l1cKWYW591xnwEGxpUg3J,Miike Snow,55,609126
21451j1KhjAiaYKflxBjr1,Zion & Lennox,78,6439646
2HFuviZiAYhouKgvRX0y45,Chantel Jeffries,39,44318
738wLrAtLtCtFOLvQBXOXp,Major Lazer,73,6291080
11hIqBsGRPztdjBHCSLClX,Daniel Bedingfield,53,162356
7c0XG5cIJTrrAgEC3ULPiq,Ty Dolla $ign,80,4267185
6XpaIBNiVzIetEPCWDvAFP,Whitney Houston,74,8079499
3KEb1kbIZN5jumsjFEWgSW,Tal Bachman,53,34183
1TlmLsx42aT281z8NWrKef,DillanPonders,42,15461
6SEgrMW4qNH72UAx4h9epk,Blanco Palamera,37,9022
0BFFKXBAspsFkX4npl6ENm,Mt. Desolation,14,6435
4j56EQDQu5XnL7R3E9iFJT,Young the Giant,65,1409075
4Ui2kfOqGujY81UcPrb5KE,HAIM,65,1187968
5i3LGWbAaVi24mVL0L9ipz,Marsha,29,46626
2Nvaq4y2ygxIqfwXyz0HeH,VHS Collection,43,62629
3Z6IRCo7umuk8K2XQy0ZDj,Busted,52,221864
2sQnHi9rmXwqRmwZ8UjrBq,Cenji,33,6213
2R4ajVi6k2KbqyCrqKoqVZ,Panadda Ruangwut,30,57187
3k785W4GFDnZfTortQlhMA,Nicklas Sahl,42,19371
4j5XaWuESB6OHy4Eblktqw,Chocolate Kit,21,406
6xs9schLkj5sRbQnztweBI,Kaleb Lee,17,1494
1Q7aW7qZyKAI5ei4uAofWe,Someday,1,40
7q7IUe2AqtifSZ2q52kHFc,Forest Blakk,61,73059
6x8BY96jBQUnW5CtKB3xX4,Tong Phanturak,17,1150
15NoI73ol1fVF11li1RKMB,Nick Lopez,35,3232
1GXBaX5YUjOrrXch1sGepn,BEXAR,39,7841
0TTDSz0jd8QL7tesGmKOM4,Buffseeds,9,622
6go0iwCisHtnyywarV5OEZ,De Lux,31,15090
3aBwCcP4CB8M6S7YV8QkOg,4EVE,48,85515
4BxCuXFJrSWGi1KHcVqaU4,Kodaline,70,2610613
5LHRHt1k9lMyONurDHEdrp,Tyga,79,6604457
5n69lhq7BLWqnSjJgNPRh4,Quinn Lewis,39,24256
1vSN1fsvrzpbttOYGsliDr,Tori Kelly,66,2038127
3YcBF2ttyueytpXtEzn1Za,Incubus,66,2887066
3jOstUTkEu2JkjvRdBA5Gu,Weezer,72,2743039
3DD0Ldgx9oKzK7AuUh7gAJ,Tanatat Chaiyaat,30,37919
5NGO30tJxFlKixkPSgXcFE,The Police,73,4961099
7giUHu5pv6YTZgSkxxCcgh,Edward Sharpe & The Magnetic Zeros,61,997043
61YE3whKiuRr83j1yOm5M7,Augustana,47,204587
5OgSr6wQteRu9jek5JvnDQ,Coasts,36,90002
2cUnvdrMWIMACo3fSxCrWW,Mumm-ra,34,20473
7ibAWtDtmEfaVhc1FJ3Vl9,Eric Bellinger,64,738152
521qvhdobR0GzhvU6TFw76,Tritonal,57,218715
3GrITTwhNebYAG4srlDsK2,Ellis,2,148
5lXfVoQxVgC5fpjkVqvNYn,Isaiah Firebrace,49,52342
1kUVa9zNj2ohZptBv4uK8c,Num KALA,43,115894
4Gc1uywKj1hki9JnN8C7W7,เป๊ก เปรมณัช,8,51
6Paz0vXJJ9bCPf0fEm3qzg,Dagny,59,147359
7b04D0yLktCUpvxQBhmG7R,LEISURE,56,143085
50co4Is1HCEo8bhOyUWKpn,Young Thug,84,7299718
59wfkuBoNyhDMQGCljbUbA,Diddy,71,1318675
1xeZcY93inQY14LWwnxd5G,Evan And Jaron,37,15984
2EczmcWYFrGxMwxxjNbc6r,Native,26,5248
1vkJFCwstOoJO7yQ4lTtLK,Paris Hilton,49,591033
6M2wZ9GZgrQXHCFfjv46we,Dua Lipa,88,34588395
4ZdAf6hSgPoUKGUYcJKYWM,Planet Of Sound,24,1527
0mUIey7n1U90IScto35rX7,Dave Thomas Junior,43,30397
0z4gvV4rjIZ9wHck67ucSV,Akon,78,3222531
2d3VHzlOEwXvmBdS4pzOPL,LeAnn Rimes,60,1120984
5rbWOWw5jmpe6zbIHCzMpm,Peck Palitchoke,31,112845
6vNoWRiABhJa3DNEi9DddS,Ricky Manning,20,4122
2BBgFkNBBMln3m2G2Bm2bt,NSTASIA,46,17215
,,,
,,,
,,,
1LOB7jTeEV14pHai6EXSzF,Cash Cash,63,655273
6tbjWDEIzxoDsBA1FuhfPW,Madonna,76,6192566
5Rr15NSbi1Xjno1AEP9u21,Dan Croll,43,112471
1BjaGDkxwa2fb2pSCXlFXb,Chet Porter,44,32231
2Ca9nb6MJ3lwyF7dRNJm3M,Citizen King,38,8220
57kIMCLPgkzQlXjblX7XXP,Phosphorescent,50,210247
6aX6KqXgEcARRHwvWxHcFW,Johnny Orlando,61,695905
3hv9jJF3adDNsBSIQDqcjp,Mark Ronson,74,967578
6G9bygHlCyPgNGxK2l3YdE,Vanessa Hudgens,64,1722631
2RMcYn32IFfN1FQdpUArrC,Waii,45,21832
7IGsSzfKAwVNGpAmDgu75E,มิคกี้,26,11628
4w4spJOd1kdBZPkOTnfccH,Bang Kaew,27,27693
5Lhxlge1CR1DrgDAje8Qaw,NoMBe,58,183984
2SPjKs6gLm69eTs20CiI4w,3A,26,6627
53XhwfbYqKCa1cC15pYq2q,Imagine Dragons,86,40715531
2de8om9GjyJuMclZbGQw9O,Sofa,26,972
4xbJS00sHh5wBd5nYgsk8z,Cape Cub,34,13470
6t1gpxYbY8OlLA7D2RiikQ,Loud Luxury,66,538128
195hFqaTDENqLCcG8uGtM7,Freedom Fry,48,44744
3uT7nEkZwWc2GBiqUZGoOe,Aqualung,44,62155
1rSGNXhhYuWoq9BEz5DZGO,ARTY,60,174599
5jAMCwdNHWr7JThxtMuEyy,NOTD,66,234876
2Yd6uf3Em3hShLFlEJaG0c,Pijika,27,6975
47BEc2RoW53owMyxacXWdV,Yves V,62,272230
2eXx7dzze42O9nEKvMkohn,ตูน อาทิวราห์,0,657